{
    "total_images": 415,
    "date_generated": "2025-10-20T02:02:04.810294",
    "march_images": 166,
    "june_images": 69,
    "july_images": 180,
    "canopy_mean": 52.395948846656154,
    "canopy_std": 29.351316568897108,
    "canopy_min": 6.661224365234375,
    "canopy_max": 95.64437866210938,
    "sparse_count": 132,
    "moderate_count": 101,
    "dense_count": 48,
    "very_dense_count": 134,
    "mean_sharpness": 13514.901902272772,
    "sharp_images": 415,
    "blurry_images": 0,
    "mean_brightness": 107.76023509014084,
    "underexposed": 63,
    "overexposed": 0,
    "mean_shadow_coverage": 29.379670476338948,
    "mean_continuity": 0.6846409231573051,
    "mean_alignment": 0.3499006770578932,
    "images_with_artifacts": 35
}