{
    "total_images": 374,
    "date_generated": "2025-10-20T00:55:26.072453",
    "march_images": 149,
    "june_images": 63,
    "july_images": 162,
    "canopy_mean": 52.322372395724535,
    "canopy_std": 29.36924479764233,
    "canopy_min": 6.661224365234375,
    "canopy_max": 95.64437866210938,
    "sparse_count": 120,
    "moderate_count": 89,
    "dense_count": 46,
    "very_dense_count": 119,
    "mean_sharpness": 13482.952400597978,
    "sharp_images": 374,
    "blurry_images": 0,
    "mean_brightness": 107.8922862292611,
    "underexposed": 58,
    "overexposed": 0,
    "mean_shadow_coverage": 29.27126858961136,
    "mean_continuity": 0.6838203158467907,
    "mean_alignment": 0.3505923682079363,
    "images_with_artifacts": 31
}